name,email,student_number
Daniel Thomas,nhowley0@irs.gov,A52911
Alexander Nelson,ntanton1@home.pl,P66216
Isabella Gonzalez,bpotts2@huffingtonpost.com,C42775
Hannah King,bnattriss3@godaddy.com,C29028
Ava Garcia,dgiotto4@engadget.com,D19159
Sophie Ramirez,emcgeown5@wikia.com,D12615
Isabella Gonzalez,skerans6@seattletimes.com,U07446
Grace Lewis,valcide7@desdev.cn,Q21392
Emily Johnson,alethebridge8@ovh.net,B09015
Isabella Gonzalez,jsummerley9@ning.com,Z81366
Nicholas Lee,bpuncharda@yahoo.com,I01314
David Jones,mpippinb@engadget.com,D90100
Samuel Green,cpalkec@free.fr,J96448
Sophia Anderson,gdeehand@loc.gov,O79265
Benjamin Clark,slangcastere@umich.edu,J70902
Ryan Moore,zriggef@scribd.com,C73870
Victoria Mitchell,nschuleg@cbsnews.com,X26242
Gabriel Cooper,kfairhamh@tumblr.com,N25854
Jessica Davis,gwardlowi@scribd.com,G34680
Sophie Ramirez,jchivertonj@rediff.com,O39664
Samantha Perez,jyersonk@github.com,F37541
Luke Brooks,lyanovl@slate.com,U02558
Olivia Martinez,iyakuntzovm@un.org,W85746
Sophie Ramirez,cstallworthyn@wsj.com,Q19789
James Perez,bschuttero@npr.org,T87415
Emma Lopez,amintop@amazon.com,T27655
Ryan Moore,bhaylorq@mapquest.com,K06040
Tyler Reed,pbowesr@answers.com,P22506
Michael Williams,mmcgaws@craigslist.org,D28718
Sophie Ramirez,mgobyt@hibu.com,G51160
Layla Powell,nstallworthyu@joomla.org,X03524
Avery Rivera,aewencev@businessinsider.com,P77877
Samuel Green,mcolloughw@ibm.com,S42093
Caleb Coleman,obainbriggex@illinois.edu,E76935
Chloe Adams,bjorgenseny@tamu.edu,S10365
Ryan Moore,vdaillyz@merriam-webster.com,Q21234
Christopher Taylor,rcaslake10@mail.ru,B75762
Caleb Coleman,jdumbrill11@psu.edu,X54477
Natalie Baker,aclaydon12@slate.com,X51731
Alexander Nelson,dmurtimer13@shinystat.com,C29870
Daniel Thomas,hswadon14@craigslist.org,B00136
Matthew Wilson,aemeline15@reference.com,H88145
Benjamin Clark,mgibbieson16@issuu.com,E71145
Benjamin Clark,gcorkan17@google.ca,D93132
Dylan Torres,nbrastead18@census.gov,J00198
Aria Perry,dbiagini19@seattletimes.com,N77043
Hannah King,fjewkes1a@cbsnews.com,G67539
Christopher Taylor,cfagence1b@eepurl.com,W64263
William Scott,gdelisle1c@sogou.com,L55130
Avery Rivera,mmumbeson1d@multiply.com,P14818
Brandon Foster,ecaspell1e@liveinternet.ru,S69371
David Jones,smullane1f@ycombinator.com,S50409
Daniel Thomas,gridley1g@wikispaces.com,F83284
Tyler Reed,sblayney1h@nih.gov,O45592
Ryan Moore,ygilloran1i@gmpg.org,H75931
Samantha Perez,wratcliff1j@engadget.com,Q05671
Lily Hall,mminico1k@examiner.com,H85682
Mia Rodriguez,cmarc1l@facebook.com,J85637
Ava Garcia,bepilet1m@google.ru,P29870
Natalie Baker,hedgeson1n@arstechnica.com,O83542
Joseph White,ikinman1o@washington.edu,W44391
Matthew Wilson,jdearness1p@nymag.com,F33396
Avery Rivera,elindback1q@xrea.com,M65188
Emma Lopez,bcourtney1r@pagesperso-orange.fr,N62631
Alexander Nelson,mmanley1s@psu.edu,S32776
William Scott,vgather1t@businesswire.com,A96539
Dylan Torres,hvanhaeften1u@gizmodo.com,A23172
Christopher Taylor,apavis1v@spiegel.de,Q65375
Emily Johnson,jfieldstone1w@ft.com,J57940
Avery Rivera,ldeyenhardt1x@reference.com,I91975
Mia Rodriguez,sreskelly1y@amazon.co.uk,M78965
Caleb Coleman,rharkus1z@cyberchimps.com,X06655
Michael Williams,rnicholson20@nature.com,X22280
Avery Rivera,zpindred21@usnews.com,X01222
Andrew Hernandez,iduffer22@buzzfeed.com,R59 526
Victoria Mitchell,khufton23@ehow.com,V13983
Ethan Young,scaherny24@smh.com.au,T69203
Aaliyah Ward,pdowse25@blogtalkradio.com,I56114
Madison Hill,bstribbling26@bloomberg.com,O78556
Chloe Adams,nsurtees27@mashable.com,T58878
Matthew Wilson,amcgovern28@alexa.com,P33239
Jessica Davis,lainsley29@washingtonpost.com,S86040
Chloe Adams,calbrooke2a@npr.org,G70616
Lily Hall,zbenduhn2b@mozilla.com,S64914
Olivia Martinez,kforgan2c@twitter.com,H00780
Matthew Wilson,mhambrook2d@wikimedia.org,N47479
Alexander Nelson,dnutter2e@mit.edu,S05618
Ryan Moore,bcastagne2f@typepad.com,H29736
Christopher Taylor,shannaway2g@uol.com.br,P58584
Nicholas Lee,pputtrell2h@cnet.com,Y19892
Michael Williams,hmckinnon2i@toplist.cz,U47302
Dylan Torres,ppawson2j@washingtonpost.com,E01115
Mia Rodriguez,cmattei2k@senate.gov,S35103
Samantha Perez,earis2l@bbc.co.uk,H20315
Christopher Taylor,truspine2m@lycos.com,S19094
Ethan Young,mvaugham2n@soup.io,D88610
Mia Rodriguez,npettingall2o@google.ru,V29575
Aaliyah Ward,aminico2p@delicious.com,O26622
Jacob Carter,sgrund2q@ameblo.jp,R31 787
Caleb Coleman,hdibling2r@deliciousdays.com,R49 649
